Bytes,Destination_IP,Port_443,Port_80,Protocol,Port_10.0.0.2,Port_10.0.0.3,Protocol_192.168.1.2,Protocol_192.168.1.3,Intrusion
685,192.168.1.2,0,0,TCP,0,0,TCP,ICMP,1
560,192.168.1.2,1,0,ICMP,0,1,TCP,ICMP,0
630,192.168.1.2,1,0,ICMP,0,0,TCP,UDP,1
193,192.168.1.3,1,1,TCP,1,1,ICMP,UDP,1
836,192.168.1.3,1,1,ICMP,0,1,UDP,ICMP,0
764,192.168.1.2,1,0,ICMP,1,1,TCP,UDP,0
708,192.168.1.3,0,1,UDP,1,1,TCP,TCP,1
360,192.168.1.2,0,1,TCP,1,0,TCP,TCP,0
10,192.168.1.3,1,1,TCP,1,0,ICMP,UDP,0
724,192.168.1.2,0,0,UDP,1,0,ICMP,TCP,1
278,192.168.1.3,0,1,ICMP,1,0,TCP,UDP,1
755,192.168.1.3,1,0,UDP,0,1,TCP,ICMP,1
805,192.168.1.2,1,1,UDP,1,0,UDP,UDP,0
600,192.168.1.3,1,1,UDP,0,0,UDP,ICMP,1
71,192.168.1.2,1,1,ICMP,0,1,ICMP,UDP,1
473,192.168.1.3,0,0,UDP,0,0,TCP,UDP,0
601,192.168.1.2,0,0,TCP,1,0,ICMP,TCP,0
397,192.168.1.2,1,0,ICMP,0,0,TCP,TCP,0
315,192.168.1.3,0,0,UDP,0,1,UDP,TCP,0
706,192.168.1.2,0,0,UDP,1,0,UDP,TCP,0
487,192.168.1.2,1,0,UDP,1,0,ICMP,UDP,1
552,192.168.1.2,0,1,UDP,1,0,ICMP,TCP,0
88,192.168.1.3,0,0,UDP,0,1,ICMP,UDP,1
175,192.168.1.2,1,1,UDP,1,1,UDP,UDP,0
601,192.168.1.3,0,0,TCP,1,0,TCP,ICMP,0
850,192.168.1.2,0,0,ICMP,1,0,TCP,UDP,0
678,192.168.1.2,0,0,TCP,0,1,ICMP,TCP,1
538,192.168.1.2,1,0,UDP,0,0,TCP,ICMP,1
846,192.168.1.3,1,0,UDP,1,0,TCP,ICMP,1
73,192.168.1.2,0,1,UDP,1,1,ICMP,ICMP,0
778,192.168.1.2,1,0,TCP,0,0,UDP,UDP,1
917,192.168.1.3,0,1,UDP,0,0,ICMP,TCP,1
116,192.168.1.3,1,0,TCP,1,0,ICMP,ICMP,0
977,192.168.1.3,0,0,ICMP,0,0,ICMP,UDP,0
756,192.168.1.2,1,1,TCP,0,1,TCP,UDP,1
710,192.168.1.3,0,1,TCP,1,0,ICMP,ICMP,0
848,192.168.1.2,0,0,ICMP,1,0,ICMP,TCP,0
432,192.168.1.3,1,1,UDP,0,1,UDP,UDP,0
449,192.168.1.3,0,0,TCP,0,0,UDP,ICMP,1
851,192.168.1.3,0,1,ICMP,1,1,ICMP,UDP,0
100,192.168.1.3,1,1,TCP,1,0,UDP,TCP,1
985,192.168.1.3,1,1,TCP,0,0,ICMP,TCP,1
178,192.168.1.2,0,1,ICMP,1,0,UDP,TCP,0
756,192.168.1.2,0,0,TCP,1,1,ICMP,TCP,0
798,192.168.1.3,0,1,ICMP,0,0,UDP,UDP,0
660,192.168.1.2,1,1,TCP,1,1,TCP,TCP,1
148,192.168.1.3,1,1,UDP,1,0,UDP,ICMP,1
911,192.168.1.2,0,1,ICMP,1,0,UDP,TCP,0
424,192.168.1.2,0,1,UDP,0,0,ICMP,TCP,0
289,192.168.1.3,0,1,TCP,1,1,UDP,ICMP,0
962,192.168.1.3,0,1,UDP,1,0,UDP,TCP,1
266,192.168.1.2,1,0,ICMP,1,1,TCP,TCP,1
698,192.168.1.2,0,0,TCP,1,0,ICMP,ICMP,1
640,192.168.1.2,0,0,ICMP,1,1,TCP,TCP,0
545,192.168.1.3,1,1,TCP,1,0,ICMP,UDP,1
544,192.168.1.3,1,0,UDP,1,0,ICMP,UDP,0
715,192.168.1.2,1,1,UDP,1,1,ICMP,TCP,0
245,192.168.1.2,1,1,ICMP,0,0,UDP,UDP,0
152,192.168.1.2,0,0,ICMP,1,1,ICMP,ICMP,1
676,192.168.1.2,0,1,TCP,1,0,TCP,UDP,0
511,192.168.1.2,1,1,ICMP,1,0,UDP,TCP,0
460,192.168.1.2,1,0,ICMP,1,1,ICMP,TCP,1
883,192.168.1.3,0,1,UDP,1,1,ICMP,TCP,0
184,192.168.1.3,0,0,ICMP,1,0,UDP,TCP,0
29,192.168.1.3,0,1,ICMP,0,1,TCP,ICMP,1
803,192.168.1.3,1,1,TCP,0,0,TCP,TCP,0
129,192.168.1.3,1,0,UDP,0,1,UDP,ICMP,1
129,192.168.1.3,1,1,UDP,1,0,UDP,ICMP,0
933,192.168.1.3,0,0,TCP,0,0,UDP,TCP,0
54,192.168.1.3,0,1,UDP,1,0,UDP,UDP,0
902,192.168.1.2,0,0,TCP,1,1,UDP,UDP,1
551,192.168.1.2,1,0,TCP,0,1,ICMP,UDP,1
489,192.168.1.2,1,1,ICMP,1,1,TCP,TCP,1
757,192.168.1.2,0,0,ICMP,0,1,UDP,UDP,0
274,192.168.1.2,0,1,TCP,0,1,ICMP,ICMP,0
336,192.168.1.2,1,1,ICMP,0,0,UDP,UDP,1
389,192.168.1.2,1,1,ICMP,0,1,TCP,ICMP,0
618,192.168.1.3,1,0,UDP,0,1,TCP,UDP,1
43,192.168.1.2,0,0,UDP,0,1,TCP,ICMP,1
443,192.168.1.3,0,1,ICMP,0,1,TCP,UDP,1
544,192.168.1.2,1,1,TCP,1,1,ICMP,UDP,1
889,192.168.1.3,0,1,TCP,1,1,TCP,ICMP,0
258,192.168.1.2,1,1,ICMP,0,1,UDP,UDP,0
322,192.168.1.3,0,1,ICMP,0,1,TCP,UDP,1
938,192.168.1.3,0,0,TCP,1,1,ICMP,UDP,0
58,192.168.1.2,0,1,UDP,0,1,TCP,TCP,1
292,192.168.1.3,1,1,UDP,0,1,UDP,TCP,0
871,192.168.1.3,0,0,TCP,1,0,ICMP,UDP,0
120,192.168.1.2,1,1,ICMP,0,0,ICMP,UDP,0
780,192.168.1.3,0,1,UDP,1,1,UDP,TCP,0
431,192.168.1.2,1,0,TCP,1,1,TCP,ICMP,1
83,192.168.1.2,1,1,ICMP,1,0,TCP,UDP,0
92,192.168.1.2,1,1,ICMP,1,1,TCP,UDP,1
897,192.168.1.3,1,1,UDP,0,1,TCP,ICMP,1
399,192.168.1.3,1,0,ICMP,0,0,TCP,ICMP,1
612,192.168.1.2,0,0,TCP,0,0,TCP,ICMP,0
566,192.168.1.2,0,1,TCP,1,0,TCP,UDP,1
909,192.168.1.3,1,1,TCP,1,1,ICMP,ICMP,1
634,192.168.1.2,1,0,TCP,1,1,TCP,ICMP,1
939,192.168.1.2,1,0,ICMP,1,0,TCP,TCP,0
85,192.168.1.3,0,1,TCP,0,1,TCP,ICMP,0
204,192.168.1.2,1,0,UDP,0,1,UDP,UDP,1
325,192.168.1.3,0,0,ICMP,0,1,TCP,UDP,0
775,192.168.1.3,1,1,ICMP,0,1,ICMP,TCP,1
965,192.168.1.2,0,0,ICMP,1,1,TCP,UDP,1
48,192.168.1.2,1,0,TCP,1,0,ICMP,UDP,0
640,192.168.1.3,0,1,ICMP,0,0,UDP,TCP,0
132,192.168.1.3,0,1,TCP,1,0,UDP,ICMP,1
973,192.168.1.3,1,1,TCP,0,0,ICMP,ICMP,0
869,192.168.1.2,1,0,ICMP,1,0,ICMP,UDP,1
181,192.168.1.2,1,0,ICMP,1,0,UDP,TCP,1
847,192.168.1.3,1,1,TCP,1,0,ICMP,ICMP,1
144,192.168.1.2,0,1,ICMP,1,0,TCP,UDP,0
661,192.168.1.2,0,0,ICMP,1,0,UDP,ICMP,0
228,192.168.1.3,0,1,TCP,0,1,UDP,UDP,1
955,192.168.1.3,0,1,TCP,1,0,ICMP,ICMP,1
792,192.168.1.2,0,1,ICMP,1,1,TCP,ICMP,1
720,192.168.1.2,0,1,TCP,0,1,TCP,UDP,1
910,192.168.1.2,1,1,TCP,0,0,UDP,ICMP,1
374,192.168.1.2,0,0,UDP,0,0,ICMP,UDP,1
854,192.168.1.3,0,0,ICMP,1,0,TCP,TCP,0
561,192.168.1.3,0,1,ICMP,1,0,TCP,ICMP,0
306,192.168.1.3,1,1,ICMP,0,1,ICMP,TCP,1
582,192.168.1.3,0,0,ICMP,0,0,ICMP,UDP,1
170,192.168.1.2,1,0,ICMP,1,1,UDP,ICMP,1
676,192.168.1.2,0,0,TCP,1,0,TCP,ICMP,1
449,192.168.1.3,0,0,ICMP,1,0,UDP,ICMP,0
96,192.168.1.2,1,1,ICMP,1,1,UDP,TCP,1
198,192.168.1.2,0,1,UDP,1,0,ICMP,ICMP,0
607,192.168.1.3,0,1,TCP,0,1,TCP,ICMP,1
257,192.168.1.2,1,1,ICMP,0,1,ICMP,UDP,0
882,192.168.1.2,1,1,ICMP,0,1,ICMP,ICMP,1
691,192.168.1.2,0,1,ICMP,1,1,UDP,ICMP,1
293,192.168.1.3,0,0,ICMP,1,1,TCP,TCP,1
931,192.168.1.2,1,1,TCP,1,1,ICMP,TCP,1
817,192.168.1.3,1,1,UDP,1,1,UDP,ICMP,1
862,192.168.1.3,1,1,UDP,1,1,TCP,TCP,1
388,192.168.1.2,1,1,ICMP,0,0,ICMP,ICMP,0
611,192.168.1.3,0,0,UDP,0,1,TCP,ICMP,1
555,192.168.1.3,0,0,UDP,1,1,UDP,ICMP,1
974,192.168.1.2,1,0,UDP,1,0,UDP,ICMP,1
369,192.168.1.2,0,0,UDP,0,1,ICMP,ICMP,0
918,192.168.1.2,1,1,UDP,0,1,UDP,TCP,1
202,192.168.1.2,1,1,TCP,1,1,UDP,UDP,0
384,192.168.1.2,0,0,TCP,0,1,UDP,ICMP,1
513,192.168.1.3,1,0,TCP,1,1,TCP,ICMP,0
907,192.168.1.3,1,0,UDP,1,0,ICMP,ICMP,0
371,192.168.1.3,0,0,TCP,0,1,ICMP,ICMP,0
556,192.168.1.2,0,1,UDP,1,0,UDP,TCP,1
955,192.168.1.3,1,1,UDP,1,1,UDP,ICMP,0
384,192.168.1.3,0,0,TCP,1,0,TCP,UDP,0
24,192.168.1.2,0,1,ICMP,0,1,ICMP,UDP,0
700,192.168.1.3,0,0,UDP,0,0,TCP,ICMP,0
131,192.168.1.2,0,0,UDP,1,0,ICMP,ICMP,0
378,192.168.1.2,0,0,TCP,0,0,ICMP,ICMP,1
99,192.168.1.2,0,1,UDP,1,1,TCP,UDP,0
575,192.168.1.2,1,0,UDP,1,0,TCP,TCP,1
932,192.168.1.3,0,1,UDP,0,0,UDP,TCP,1
735,192.168.1.3,1,1,TCP,1,0,ICMP,TCP,1
124,192.168.1.3,1,1,ICMP,0,1,UDP,UDP,1
964,192.168.1.3,1,1,ICMP,1,0,ICMP,UDP,0
595,192.168.1.3,0,0,TCP,1,0,UDP,TCP,1
943,192.168.1.2,0,1,UDP,1,1,UDP,ICMP,1
740,192.168.1.3,1,1,ICMP,1,0,ICMP,ICMP,0
149,192.168.1.2,1,0,TCP,0,1,UDP,TCP,0
210,192.168.1.3,1,0,TCP,1,1,TCP,TCP,1
563,192.168.1.3,1,0,UDP,0,1,TCP,UDP,0
412,192.168.1.3,0,1,UDP,0,0,UDP,UDP,1
783,192.168.1.3,1,1,TCP,0,1,ICMP,UDP,1
42,192.168.1.3,0,0,TCP,0,0,ICMP,TCP,0
59,192.168.1.2,1,1,TCP,1,1,ICMP,TCP,0
706,192.168.1.2,0,1,ICMP,1,0,UDP,ICMP,0
37,192.168.1.3,0,0,UDP,0,1,TCP,UDP,0
779,192.168.1.3,1,1,TCP,0,0,UDP,ICMP,1
87,192.168.1.2,1,0,UDP,0,0,TCP,ICMP,1
44,192.168.1.2,1,0,ICMP,0,1,UDP,ICMP,0
873,192.168.1.3,1,0,TCP,0,0,UDP,UDP,0
12,192.168.1.3,0,1,UDP,1,0,ICMP,TCP,1
771,192.168.1.3,0,1,ICMP,0,0,TCP,UDP,1
308,192.168.1.3,0,1,TCP,0,1,UDP,UDP,1
81,192.168.1.2,0,1,UDP,1,1,TCP,UDP,0
33,192.168.1.2,0,0,TCP,1,1,UDP,ICMP,0
183,192.168.1.2,1,0,UDP,0,0,TCP,ICMP,0
129,192.168.1.2,0,1,UDP,0,1,UDP,ICMP,0
807,192.168.1.2,1,0,ICMP,0,1,TCP,TCP,1
276,192.168.1.2,0,0,ICMP,1,1,ICMP,TCP,0
175,192.168.1.3,0,1,ICMP,1,1,TCP,TCP,1
555,192.168.1.3,1,1,ICMP,0,1,UDP,TCP,1
372,192.168.1.2,0,0,ICMP,1,0,TCP,UDP,0
185,192.168.1.2,0,1,UDP,0,1,UDP,ICMP,0
445,192.168.1.2,1,0,ICMP,1,1,ICMP,ICMP,0
489,192.168.1.2,0,1,UDP,1,0,ICMP,UDP,1
590,192.168.1.3,1,0,UDP,0,1,UDP,UDP,0
287,192.168.1.3,0,0,TCP,0,0,TCP,ICMP,1
281,192.168.1.2,1,1,UDP,1,0,UDP,ICMP,1
638,192.168.1.2,0,0,UDP,0,1,TCP,TCP,0
771,192.168.1.3,0,0,ICMP,1,1,TCP,TCP,0
516,192.168.1.2,1,1,UDP,1,0,ICMP,UDP,0
95,192.168.1.3,1,1,ICMP,0,0,UDP,ICMP,1
227,192.168.1.3,0,1,UDP,1,1,TCP,ICMP,0
876,192.168.1.2,0,1,UDP,1,0,TCP,TCP,1
270,192.168.1.2,0,0,ICMP,1,0,TCP,TCP,0
881,192.168.1.3,0,0,TCP,0,0,UDP,ICMP,1
297,192.168.1.3,0,0,UDP,1,0,UDP,UDP,1
329,192.168.1.2,1,0,UDP,0,0,TCP,TCP,1
20,192.168.1.3,1,0,ICMP,0,0,TCP,ICMP,0
608,192.168.1.2,0,1,ICMP,1,0,TCP,UDP,0
841,192.168.1.2,1,0,TCP,0,0,ICMP,ICMP,1
411,192.168.1.3,1,0,TCP,0,0,ICMP,ICMP,1
451,192.168.1.3,0,1,TCP,0,1,TCP,ICMP,1
249,192.168.1.2,0,0,UDP,1,1,TCP,UDP,1
181,192.168.1.2,0,1,UDP,0,0,ICMP,UDP,1
324,192.168.1.3,1,1,ICMP,0,0,TCP,ICMP,1
830,192.168.1.2,0,1,ICMP,1,1,UDP,ICMP,1
783,192.168.1.2,1,0,ICMP,0,1,UDP,UDP,1
865,192.168.1.2,1,1,TCP,0,0,ICMP,ICMP,1
261,192.168.1.3,1,1,TCP,0,1,TCP,ICMP,0
964,192.168.1.3,1,1,TCP,1,0,UDP,UDP,0
750,192.168.1.3,1,0,UDP,0,0,TCP,TCP,0
140,192.168.1.2,1,0,UDP,0,0,ICMP,UDP,0
599,192.168.1.3,1,1,ICMP,0,0,TCP,TCP,1
462,192.168.1.3,1,1,TCP,1,1,TCP,TCP,0
890,192.168.1.2,1,0,UDP,1,0,TCP,UDP,0
622,192.168.1.2,0,0,TCP,1,0,UDP,TCP,0
844,192.168.1.3,1,0,UDP,0,1,UDP,ICMP,0
697,192.168.1.3,1,0,TCP,1,0,ICMP,UDP,1
529,192.168.1.3,1,0,UDP,0,0,TCP,TCP,0
153,192.168.1.3,1,1,UDP,0,0,TCP,TCP,1
926,192.168.1.2,0,1,UDP,1,0,ICMP,UDP,1
150,192.168.1.3,0,0,UDP,0,1,UDP,UDP,0
111,192.168.1.3,0,1,ICMP,0,0,UDP,ICMP,1
26,192.168.1.2,0,0,TCP,0,0,UDP,TCP,1
465,192.168.1.2,1,0,UDP,0,1,TCP,UDP,1
957,192.168.1.3,1,1,UDP,1,0,UDP,TCP,0
890,192.168.1.3,1,0,TCP,0,0,ICMP,TCP,1
887,192.168.1.3,0,0,UDP,0,0,UDP,TCP,0
118,192.168.1.3,1,1,UDP,0,1,TCP,UDP,1
446,192.168.1.3,0,0,TCP,0,1,TCP,ICMP,0
596,192.168.1.2,0,1,ICMP,0,1,TCP,TCP,0
674,192.168.1.2,1,0,ICMP,0,0,TCP,UDP,0
873,192.168.1.3,0,1,UDP,1,1,UDP,TCP,0
929,192.168.1.2,0,1,ICMP,0,1,UDP,ICMP,0
229,192.168.1.3,1,1,ICMP,0,0,ICMP,TCP,1
508,192.168.1.2,1,0,UDP,0,1,TCP,ICMP,0
764,192.168.1.3,0,1,UDP,0,0,UDP,UDP,1
122,192.168.1.3,0,1,ICMP,1,0,UDP,UDP,0
327,192.168.1.2,1,1,UDP,1,0,TCP,UDP,0
470,192.168.1.3,0,0,UDP,1,0,UDP,TCP,1
288,192.168.1.3,0,0,ICMP,0,0,UDP,ICMP,0
526,192.168.1.3,0,1,TCP,1,1,TCP,TCP,1
840,192.168.1.3,1,1,ICMP,0,0,ICMP,ICMP,1
697,192.168.1.3,0,0,ICMP,0,0,ICMP,UDP,0
153,192.168.1.3,0,0,ICMP,1,0,ICMP,TCP,0
592,192.168.1.2,0,0,UDP,0,1,ICMP,UDP,1
42,192.168.1.2,1,0,ICMP,0,1,ICMP,UDP,1
275,192.168.1.3,0,1,UDP,0,1,UDP,ICMP,0
553,192.168.1.3,1,0,TCP,1,1,UDP,ICMP,1
439,192.168.1.2,0,0,ICMP,0,0,UDP,ICMP,1
208,192.168.1.2,1,0,TCP,0,0,ICMP,TCP,0
780,192.168.1.2,1,0,ICMP,0,0,UDP,UDP,0
167,192.168.1.2,1,0,UDP,1,1,ICMP,TCP,1
112,192.168.1.3,1,1,TCP,0,0,UDP,ICMP,0
350,192.168.1.3,0,0,ICMP,1,0,UDP,ICMP,1
130,192.168.1.2,1,1,TCP,1,0,TCP,ICMP,0
736,192.168.1.2,0,1,UDP,0,1,UDP,UDP,1
887,192.168.1.2,1,0,UDP,1,1,ICMP,UDP,1
813,192.168.1.2,1,1,ICMP,1,0,TCP,ICMP,1
217,192.168.1.3,0,0,ICMP,1,1,TCP,UDP,0
382,192.168.1.2,0,1,TCP,0,1,UDP,UDP,0
25,192.168.1.2,0,0,UDP,1,0,ICMP,TCP,1
68,192.168.1.2,1,0,UDP,0,1,TCP,TCP,0
979,192.168.1.3,1,0,ICMP,1,0,UDP,ICMP,0
772,192.168.1.3,0,0,UDP,1,1,UDP,ICMP,0
235,192.168.1.3,1,0,UDP,0,1,TCP,UDP,1
717,192.168.1.2,1,1,UDP,1,1,ICMP,TCP,1
999,192.168.1.3,0,1,TCP,1,0,UDP,TCP,1
292,192.168.1.3,0,1,TCP,0,1,UDP,ICMP,1
727,192.168.1.2,0,1,TCP,1,0,UDP,TCP,0
702,192.168.1.3,0,0,UDP,1,0,ICMP,UDP,0
710,192.168.1.2,1,0,ICMP,1,1,ICMP,TCP,1
728,192.168.1.3,1,0,ICMP,0,1,UDP,TCP,1
556,192.168.1.3,0,0,ICMP,1,0,UDP,ICMP,1
33,192.168.1.2,1,0,TCP,0,1,ICMP,TCP,0
12,192.168.1.2,1,1,UDP,0,0,UDP,ICMP,0
617,192.168.1.3,1,0,TCP,1,0,UDP,ICMP,1
213,192.168.1.3,1,1,TCP,1,0,ICMP,TCP,1
139,192.168.1.2,1,1,ICMP,1,1,TCP,ICMP,1
695,192.168.1.3,1,1,ICMP,1,1,TCP,UDP,0
422,192.168.1.2,0,1,UDP,1,1,UDP,ICMP,0
638,192.168.1.2,1,0,TCP,0,1,ICMP,ICMP,0
669,192.168.1.2,1,0,UDP,1,1,UDP,TCP,0
624,192.168.1.3,1,1,TCP,1,0,UDP,TCP,1
489,192.168.1.3,0,1,UDP,0,0,UDP,ICMP,0
771,192.168.1.3,1,0,TCP,1,1,TCP,ICMP,1
540,192.168.1.3,1,1,UDP,0,0,TCP,ICMP,1
980,192.168.1.3,1,1,TCP,1,0,UDP,UDP,1
218,192.168.1.2,1,0,TCP,0,0,ICMP,TCP,0
664,192.168.1.3,1,1,ICMP,0,0,TCP,UDP,1
822,192.168.1.2,0,1,TCP,0,1,ICMP,TCP,0
308,192.168.1.2,1,1,ICMP,1,1,ICMP,TCP,1
175,192.168.1.3,1,1,UDP,1,1,ICMP,UDP,1
149,192.168.1.2,0,1,ICMP,1,0,UDP,UDP,1
950,192.168.1.3,0,0,TCP,0,1,TCP,TCP,0
542,192.168.1.2,1,0,ICMP,0,1,ICMP,TCP,0
580,192.168.1.2,1,0,ICMP,0,0,UDP,UDP,0
548,192.168.1.2,1,0,UDP,0,0,UDP,UDP,1
808,192.168.1.3,0,0,ICMP,0,0,UDP,TCP,0
394,192.168.1.3,1,0,UDP,0,1,ICMP,UDP,1
74,192.168.1.3,0,1,UDP,1,0,ICMP,ICMP,0
298,192.168.1.3,1,0,ICMP,0,0,UDP,TCP,1
920,192.168.1.2,0,0,TCP,0,1,TCP,UDP,1
900,192.168.1.3,0,0,UDP,1,0,UDP,ICMP,0
815,192.168.1.3,0,0,ICMP,1,0,ICMP,TCP,0
731,192.168.1.2,1,0,UDP,1,1,TCP,TCP,1
947,192.168.1.2,1,0,ICMP,1,0,TCP,UDP,1
877,192.168.1.3,1,0,ICMP,1,0,TCP,ICMP,0
772,192.168.1.2,1,1,TCP,1,1,UDP,UDP,1
800,192.168.1.3,1,0,ICMP,0,0,TCP,UDP,0
778,192.168.1.2,0,0,UDP,1,1,TCP,ICMP,1
395,192.168.1.3,1,0,UDP,1,0,ICMP,UDP,0
540,192.168.1.2,1,0,TCP,0,1,UDP,TCP,1
430,192.168.1.3,1,1,UDP,0,0,TCP,ICMP,0
200,192.168.1.2,0,1,TCP,1,0,TCP,UDP,1
424,192.168.1.3,1,1,ICMP,0,0,ICMP,UDP,0
62,192.168.1.3,1,0,ICMP,0,1,ICMP,UDP,0
342,192.168.1.3,1,0,ICMP,1,0,TCP,TCP,0
866,192.168.1.3,0,0,TCP,0,0,TCP,TCP,1
45,192.168.1.3,1,0,UDP,0,1,TCP,ICMP,0
803,192.168.1.3,1,0,UDP,1,1,TCP,ICMP,0
931,192.168.1.2,0,0,ICMP,1,0,UDP,TCP,0
89,192.168.1.3,1,0,UDP,1,0,TCP,ICMP,1
34,192.168.1.2,0,1,TCP,1,1,UDP,TCP,0
646,192.168.1.3,1,1,TCP,0,0,UDP,TCP,0
233,192.168.1.2,1,1,TCP,0,1,TCP,UDP,0
768,192.168.1.3,0,1,TCP,1,1,TCP,ICMP,0
37,192.168.1.2,0,0,UDP,0,0,ICMP,UDP,1
769,192.168.1.3,1,1,TCP,0,1,UDP,TCP,0
460,192.168.1.2,1,1,UDP,0,0,UDP,ICMP,0
291,192.168.1.3,1,1,ICMP,1,0,TCP,UDP,1
198,192.168.1.2,1,1,UDP,1,0,TCP,TCP,0
895,192.168.1.2,1,1,TCP,0,0,TCP,TCP,0
950,192.168.1.2,0,0,UDP,0,0,TCP,UDP,0
255,192.168.1.3,1,1,ICMP,0,0,ICMP,UDP,1
81,192.168.1.2,0,1,ICMP,0,1,TCP,UDP,1
447,192.168.1.3,1,1,ICMP,1,1,ICMP,ICMP,1
137,192.168.1.3,1,1,UDP,0,0,TCP,ICMP,1
190,192.168.1.3,1,0,TCP,0,1,TCP,UDP,0
130,192.168.1.3,0,0,TCP,1,0,UDP,UDP,1
210,192.168.1.2,1,0,UDP,0,0,TCP,TCP,0
369,192.168.1.3,1,1,TCP,0,1,UDP,ICMP,0
292,192.168.1.2,0,1,TCP,0,0,UDP,UDP,0
377,192.168.1.3,0,1,UDP,0,1,TCP,ICMP,1
348,192.168.1.2,1,0,ICMP,1,0,ICMP,ICMP,0
169,192.168.1.3,1,0,TCP,0,0,UDP,ICMP,1
885,192.168.1.3,1,0,ICMP,1,1,TCP,TCP,0
805,192.168.1.2,1,0,TCP,0,0,ICMP,UDP,0
177,192.168.1.3,0,1,ICMP,1,0,UDP,UDP,0
538,192.168.1.3,0,0,ICMP,0,1,UDP,UDP,1
324,192.168.1.3,1,0,TCP,1,0,UDP,TCP,0
872,192.168.1.3,0,1,TCP,0,1,UDP,TCP,0
509,192.168.1.3,0,0,UDP,0,1,ICMP,TCP,1
804,192.168.1.3,0,0,TCP,0,1,ICMP,UDP,0
115,192.168.1.3,0,0,TCP,0,0,TCP,ICMP,0
799,192.168.1.3,0,0,UDP,0,1,UDP,TCP,0
30,192.168.1.2,1,0,ICMP,1,0,UDP,ICMP,1
754,192.168.1.3,1,0,UDP,1,1,UDP,TCP,0
290,192.168.1.2,0,1,ICMP,1,0,UDP,TCP,0
147,192.168.1.3,1,1,UDP,1,1,UDP,TCP,0
274,192.168.1.2,0,1,TCP,0,0,UDP,UDP,1
222,192.168.1.2,0,1,TCP,0,0,ICMP,TCP,0
341,192.168.1.2,0,1,ICMP,1,1,UDP,UDP,1
510,192.168.1.3,0,1,TCP,0,0,ICMP,TCP,0
515,192.168.1.3,0,1,ICMP,1,0,TCP,TCP,0
70,192.168.1.2,1,0,UDP,0,1,ICMP,ICMP,0
358,192.168.1.3,1,0,TCP,0,1,TCP,TCP,1
909,192.168.1.3,1,0,ICMP,1,1,TCP,TCP,1
557,192.168.1.2,1,0,UDP,0,0,ICMP,ICMP,0
886,192.168.1.3,1,0,TCP,0,1,ICMP,TCP,1
766,192.168.1.2,1,0,TCP,0,0,UDP,UDP,0
323,192.168.1.2,1,0,ICMP,1,1,UDP,TCP,1
624,192.168.1.3,0,1,TCP,0,1,TCP,UDP,1
92,192.168.1.2,1,0,ICMP,1,1,TCP,TCP,0
342,192.168.1.3,1,1,TCP,1,1,ICMP,UDP,0
424,192.168.1.3,0,0,UDP,1,0,TCP,TCP,1
552,192.168.1.3,1,1,TCP,1,1,UDP,ICMP,0
972,192.168.1.3,0,0,ICMP,1,0,ICMP,TCP,0
663,192.168.1.2,1,1,ICMP,0,1,UDP,UDP,1
415,192.168.1.3,0,0,ICMP,0,0,ICMP,TCP,0
658,192.168.1.3,1,1,UDP,0,1,TCP,TCP,0
711,192.168.1.3,0,0,TCP,0,0,TCP,TCP,0
968,192.168.1.2,1,0,TCP,0,1,UDP,UDP,1
275,192.168.1.2,0,0,TCP,1,0,TCP,UDP,0
861,192.168.1.3,1,1,ICMP,0,0,ICMP,TCP,1
44,192.168.1.3,1,0,ICMP,0,0,UDP,TCP,0
84,192.168.1.3,0,0,TCP,1,0,UDP,TCP,1
434,192.168.1.3,0,1,ICMP,0,0,TCP,ICMP,1
810,192.168.1.3,1,1,TCP,1,0,TCP,ICMP,0
94,192.168.1.2,1,1,TCP,1,1,ICMP,TCP,1
175,192.168.1.3,1,0,ICMP,0,1,TCP,TCP,0
406,192.168.1.2,0,1,TCP,0,0,UDP,TCP,0
202,192.168.1.2,0,0,ICMP,0,1,ICMP,TCP,0
858,192.168.1.3,0,1,TCP,1,1,UDP,ICMP,1
499,192.168.1.2,0,1,ICMP,1,1,UDP,UDP,1
481,192.168.1.3,0,1,ICMP,1,1,UDP,UDP,0
988,192.168.1.2,0,1,ICMP,0,0,TCP,UDP,0
330,192.168.1.2,1,0,TCP,1,1,ICMP,TCP,0
541,192.168.1.3,0,1,TCP,1,1,ICMP,ICMP,0
210,192.168.1.2,1,0,UDP,0,0,TCP,UDP,1
618,192.168.1.3,0,0,TCP,0,1,TCP,ICMP,0
955,192.168.1.3,0,1,TCP,1,0,TCP,TCP,1
897,192.168.1.3,0,1,TCP,0,0,TCP,TCP,0
983,192.168.1.3,1,1,UDP,1,0,UDP,UDP,0
576,192.168.1.3,0,0,UDP,1,0,UDP,TCP,0
17,192.168.1.3,1,0,TCP,1,1,TCP,UDP,1
107,192.168.1.2,1,1,TCP,0,0,UDP,ICMP,0
165,192.168.1.2,0,1,ICMP,0,1,UDP,TCP,0
607,192.168.1.3,0,1,TCP,1,1,TCP,UDP,1
537,192.168.1.2,0,0,ICMP,1,1,UDP,UDP,1
629,192.168.1.2,1,1,TCP,1,0,TCP,TCP,0
192,192.168.1.3,1,1,ICMP,1,1,ICMP,ICMP,1
196,192.168.1.2,0,0,UDP,0,0,ICMP,ICMP,0
308,192.168.1.3,0,1,UDP,0,1,TCP,ICMP,1
137,192.168.1.3,0,0,TCP,0,0,UDP,TCP,0
953,192.168.1.2,1,1,UDP,0,0,TCP,TCP,0
860,192.168.1.3,1,1,UDP,0,0,ICMP,ICMP,0
94,192.168.1.3,0,0,ICMP,1,0,ICMP,TCP,1
892,192.168.1.3,0,1,UDP,0,1,TCP,ICMP,0
751,192.168.1.3,0,0,TCP,1,1,TCP,UDP,1
88,192.168.1.2,1,1,TCP,1,0,TCP,UDP,0
161,192.168.1.3,1,0,UDP,1,1,UDP,ICMP,0
148,192.168.1.2,1,0,TCP,1,0,TCP,TCP,0
585,192.168.1.3,0,1,UDP,1,1,TCP,ICMP,1
456,192.168.1.2,1,0,TCP,1,1,UDP,TCP,0
88,192.168.1.2,0,1,ICMP,1,0,UDP,UDP,1
14,192.168.1.3,1,1,UDP,1,1,ICMP,UDP,1
315,192.168.1.2,0,1,TCP,0,0,ICMP,TCP,1
594,192.168.1.3,1,1,ICMP,0,0,TCP,ICMP,1
121,192.168.1.3,1,0,UDP,1,1,ICMP,TCP,1
885,192.168.1.2,0,1,TCP,1,0,ICMP,ICMP,0
952,192.168.1.2,1,1,UDP,1,0,UDP,ICMP,0
833,192.168.1.2,0,1,ICMP,1,0,UDP,UDP,1
716,192.168.1.2,1,0,UDP,0,0,UDP,ICMP,0
733,192.168.1.3,0,0,ICMP,0,1,ICMP,UDP,0
933,192.168.1.2,0,1,ICMP,0,1,UDP,UDP,1
282,192.168.1.3,1,1,TCP,1,1,ICMP,TCP,1
801,192.168.1.2,1,1,ICMP,1,1,UDP,UDP,1
427,192.168.1.2,1,1,ICMP,1,1,ICMP,UDP,1
783,192.168.1.3,0,1,TCP,0,0,UDP,UDP,1
471,192.168.1.2,0,0,ICMP,0,1,ICMP,ICMP,1
285,192.168.1.3,1,0,TCP,0,1,ICMP,TCP,1
277,192.168.1.2,0,1,TCP,1,1,UDP,ICMP,1
979,192.168.1.2,1,1,ICMP,0,0,UDP,UDP,0
325,192.168.1.3,0,0,UDP,1,0,UDP,ICMP,0
535,192.168.1.3,0,0,ICMP,1,1,TCP,UDP,0
228,192.168.1.3,1,0,UDP,1,1,TCP,TCP,1
891,192.168.1.3,0,1,ICMP,0,1,UDP,UDP,0
596,192.168.1.3,0,0,TCP,1,1,UDP,UDP,0
648,192.168.1.3,0,1,ICMP,1,0,TCP,UDP,1
969,192.168.1.3,1,1,TCP,0,0,UDP,ICMP,0
574,192.168.1.2,0,1,UDP,1,1,UDP,UDP,1
654,192.168.1.3,0,0,ICMP,1,1,TCP,UDP,1
518,192.168.1.2,1,1,UDP,1,1,ICMP,UDP,1
257,192.168.1.2,0,0,ICMP,1,0,TCP,UDP,0
137,192.168.1.3,1,0,TCP,0,1,UDP,UDP,0
208,192.168.1.2,1,0,TCP,1,1,UDP,UDP,1
464,192.168.1.2,0,0,ICMP,1,0,ICMP,ICMP,1
950,192.168.1.3,1,0,UDP,1,0,UDP,TCP,0
140,192.168.1.2,1,1,ICMP,0,1,UDP,TCP,0
5,192.168.1.3,1,0,ICMP,0,1,TCP,TCP,1
424,192.168.1.2,1,1,ICMP,1,1,TCP,TCP,0
349,192.168.1.2,1,1,UDP,1,1,UDP,ICMP,0
942,192.168.1.3,0,1,ICMP,1,0,UDP,UDP,1
283,192.168.1.2,0,1,TCP,0,0,UDP,UDP,1
587,192.168.1.2,0,1,ICMP,0,1,UDP,ICMP,0
821,192.168.1.3,1,1,ICMP,1,0,ICMP,TCP,0
434,192.168.1.3,1,0,TCP,1,1,TCP,ICMP,1
220,192.168.1.2,0,1,ICMP,0,1,TCP,ICMP,1
820,192.168.1.2,1,0,UDP,1,1,UDP,TCP,0
740,192.168.1.3,1,0,ICMP,0,0,UDP,ICMP,0
874,192.168.1.2,1,0,UDP,0,0,UDP,UDP,0
787,192.168.1.3,0,0,ICMP,0,0,TCP,ICMP,1
374,192.168.1.3,1,0,ICMP,1,0,UDP,TCP,0
291,192.168.1.2,1,1,ICMP,0,0,UDP,TCP,1
564,192.168.1.3,1,1,UDP,0,1,ICMP,TCP,0
671,192.168.1.3,1,0,TCP,1,0,TCP,ICMP,1
438,192.168.1.2,1,0,ICMP,1,1,ICMP,TCP,0
827,192.168.1.3,1,0,ICMP,0,1,UDP,UDP,0
940,192.168.1.2,1,0,ICMP,0,0,ICMP,TCP,1
824,192.168.1.2,1,1,TCP,0,0,ICMP,UDP,1
509,192.168.1.2,0,0,ICMP,0,1,TCP,ICMP,0
787,192.168.1.3,1,0,UDP,0,1,ICMP,TCP,1
942,192.168.1.2,1,0,TCP,0,1,UDP,TCP,1
856,192.168.1.2,0,1,UDP,1,1,UDP,UDP,0
450,192.168.1.2,0,0,UDP,0,0,UDP,ICMP,0
327,192.168.1.2,0,1,TCP,0,0,UDP,UDP,1
491,192.168.1.3,1,0,TCP,1,1,TCP,ICMP,0
54,192.168.1.3,1,1,ICMP,1,1,UDP,UDP,0
817,192.168.1.2,1,0,TCP,0,1,TCP,UDP,0
95,192.168.1.3,0,1,UDP,0,1,TCP,TCP,0
60,192.168.1.3,0,0,ICMP,1,1,TCP,UDP,0
337,192.168.1.3,0,0,TCP,1,1,UDP,ICMP,1
667,192.168.1.2,1,1,UDP,0,0,TCP,UDP,1
637,192.168.1.3,0,1,TCP,1,1,ICMP,ICMP,0
164,192.168.1.3,1,0,ICMP,1,0,ICMP,UDP,0
571,192.168.1.3,1,0,UDP,0,0,UDP,TCP,0
946,192.168.1.3,0,0,TCP,1,1,ICMP,UDP,0
107,192.168.1.3,1,1,ICMP,0,0,ICMP,ICMP,1
202,192.168.1.2,0,1,TCP,0,1,ICMP,ICMP,1
301,192.168.1.3,1,1,ICMP,0,0,ICMP,TCP,1
782,192.168.1.3,0,1,UDP,0,1,TCP,ICMP,0
890,192.168.1.2,1,0,UDP,1,1,ICMP,TCP,1
839,192.168.1.2,0,1,TCP,0,1,UDP,UDP,0
551,192.168.1.2,1,1,UDP,0,0,UDP,ICMP,0
680,192.168.1.2,0,0,TCP,1,1,ICMP,TCP,1
649,192.168.1.3,0,1,TCP,1,1,ICMP,UDP,1
14,192.168.1.3,1,0,UDP,0,0,ICMP,UDP,0
904,192.168.1.3,1,1,TCP,0,1,ICMP,TCP,1
721,192.168.1.3,0,0,TCP,1,0,ICMP,TCP,1
535,192.168.1.3,1,0,UDP,0,0,TCP,UDP,0
505,192.168.1.2,0,0,ICMP,1,0,UDP,UDP,1
848,192.168.1.3,0,0,TCP,1,0,UDP,TCP,0
986,192.168.1.2,0,0,TCP,1,1,TCP,TCP,1
777,192.168.1.2,1,0,TCP,1,0,TCP,UDP,0
740,192.168.1.2,0,1,UDP,1,1,TCP,UDP,0
775,192.168.1.3,0,0,ICMP,1,0,UDP,ICMP,0
210,192.168.1.3,1,0,UDP,1,0,UDP,ICMP,1
456,192.168.1.2,1,1,UDP,1,1,ICMP,TCP,0
469,192.168.1.2,0,1,UDP,0,1,TCP,TCP,1
474,192.168.1.2,1,1,ICMP,0,0,UDP,UDP,0
963,192.168.1.2,1,1,UDP,1,1,UDP,UDP,1
573,192.168.1.2,0,1,UDP,0,1,ICMP,TCP,0
401,192.168.1.2,1,0,UDP,0,1,ICMP,TCP,1
57,192.168.1.3,0,1,ICMP,0,0,UDP,TCP,1
883,192.168.1.2,0,0,ICMP,1,0,TCP,TCP,0
750,192.168.1.2,0,0,ICMP,0,0,ICMP,UDP,0
664,192.168.1.2,0,1,ICMP,1,1,UDP,ICMP,1
281,192.168.1.2,0,0,UDP,0,1,ICMP,ICMP,0
5,192.168.1.2,0,0,ICMP,1,0,TCP,TCP,1
613,192.168.1.3,0,1,TCP,1,0,UDP,TCP,1
306,192.168.1.2,0,0,UDP,1,0,TCP,ICMP,0
344,192.168.1.3,1,1,TCP,0,0,ICMP,UDP,1
543,192.168.1.2,0,1,ICMP,1,0,TCP,UDP,1
567,192.168.1.2,1,1,TCP,0,0,TCP,TCP,1
154,192.168.1.3,0,1,UDP,0,1,ICMP,TCP,0
789,192.168.1.2,1,0,UDP,1,1,TCP,ICMP,0
354,192.168.1.3,0,0,UDP,1,0,UDP,TCP,0
358,192.168.1.3,0,1,TCP,1,1,ICMP,ICMP,0
698,192.168.1.3,0,0,UDP,0,1,TCP,UDP,0
408,192.168.1.3,1,1,UDP,0,1,TCP,TCP,0
412,192.168.1.3,0,0,TCP,0,0,ICMP,ICMP,0
30,192.168.1.3,1,0,ICMP,1,1,TCP,TCP,1
930,192.168.1.2,0,1,UDP,1,1,UDP,TCP,1
372,192.168.1.3,1,1,ICMP,1,1,ICMP,ICMP,1
822,192.168.1.2,1,0,ICMP,0,1,UDP,TCP,0
632,192.168.1.2,0,0,UDP,1,1,UDP,ICMP,0
948,192.168.1.3,1,0,TCP,0,0,UDP,TCP,1
855,192.168.1.3,0,0,ICMP,1,0,ICMP,TCP,0
503,192.168.1.3,0,1,TCP,0,0,ICMP,TCP,1
8,192.168.1.2,0,0,UDP,1,1,UDP,ICMP,1
618,192.168.1.3,0,0,UDP,1,1,ICMP,TCP,0
138,192.168.1.3,0,0,UDP,0,1,UDP,UDP,1
695,192.168.1.2,0,1,UDP,1,0,UDP,ICMP,0
897,192.168.1.3,0,1,UDP,1,0,TCP,UDP,0
852,192.168.1.2,0,0,UDP,0,0,UDP,UDP,1
377,192.168.1.3,1,0,TCP,0,1,ICMP,ICMP,1
933,192.168.1.2,1,1,UDP,0,0,UDP,ICMP,1
722,192.168.1.3,0,0,ICMP,0,1,UDP,UDP,1
149,192.168.1.2,1,0,ICMP,1,1,TCP,ICMP,1
886,192.168.1.3,1,0,UDP,1,1,UDP,UDP,1
260,192.168.1.3,1,1,TCP,1,0,UDP,TCP,0
127,192.168.1.2,0,0,UDP,1,1,TCP,ICMP,1
811,192.168.1.3,1,0,UDP,0,0,TCP,ICMP,1
578,192.168.1.3,1,0,UDP,0,0,ICMP,UDP,0
533,192.168.1.2,1,1,UDP,1,0,UDP,UDP,1
805,192.168.1.2,0,1,TCP,0,0,UDP,UDP,1
325,192.168.1.3,0,0,ICMP,1,0,TCP,UDP,0
977,192.168.1.2,1,0,ICMP,1,1,ICMP,UDP,1
113,192.168.1.3,0,0,ICMP,1,0,UDP,TCP,1
944,192.168.1.3,0,0,ICMP,1,1,UDP,ICMP,1
651,192.168.1.2,1,0,ICMP,1,0,TCP,TCP,1
238,192.168.1.2,0,1,ICMP,1,0,TCP,TCP,0
361,192.168.1.3,0,1,TCP,1,0,TCP,UDP,0
991,192.168.1.2,0,0,UDP,0,1,UDP,UDP,0
860,192.168.1.3,1,1,TCP,1,0,UDP,ICMP,0
556,192.168.1.2,1,0,TCP,1,0,ICMP,UDP,1
64,192.168.1.3,0,1,TCP,0,1,TCP,TCP,0
928,192.168.1.3,1,1,TCP,0,1,TCP,ICMP,0
917,192.168.1.3,1,0,TCP,0,1,TCP,TCP,1
455,192.168.1.3,0,1,TCP,0,0,UDP,TCP,1
266,192.168.1.3,0,1,UDP,1,0,ICMP,TCP,1
445,192.168.1.3,1,1,TCP,0,0,ICMP,TCP,0
604,192.168.1.3,0,1,TCP,0,1,TCP,TCP,0
624,192.168.1.2,1,0,ICMP,0,0,UDP,TCP,1
420,192.168.1.2,1,1,ICMP,1,1,TCP,TCP,1
340,192.168.1.2,1,0,UDP,1,1,TCP,TCP,1
845,192.168.1.3,0,0,TCP,1,0,ICMP,ICMP,1
275,192.168.1.2,0,1,ICMP,0,0,ICMP,TCP,1
370,192.168.1.2,0,0,TCP,1,0,UDP,UDP,1
843,192.168.1.2,1,0,ICMP,1,1,TCP,ICMP,0
227,192.168.1.2,1,0,ICMP,0,1,TCP,UDP,1
226,192.168.1.3,1,0,ICMP,0,1,UDP,TCP,0
940,192.168.1.3,1,0,ICMP,0,1,TCP,ICMP,0
644,192.168.1.2,0,1,TCP,0,0,UDP,ICMP,1
909,192.168.1.3,0,0,UDP,0,1,UDP,UDP,0
229,192.168.1.3,1,0,ICMP,0,0,UDP,ICMP,0
827,192.168.1.3,1,1,ICMP,0,1,ICMP,UDP,1
898,192.168.1.3,0,1,UDP,0,0,TCP,ICMP,0
370,192.168.1.3,0,1,TCP,1,1,ICMP,ICMP,1
129,192.168.1.2,1,1,ICMP,1,1,ICMP,TCP,1
808,192.168.1.3,1,1,UDP,0,0,UDP,TCP,0
25,192.168.1.2,1,0,TCP,0,0,UDP,TCP,1
699,192.168.1.3,1,0,TCP,1,0,TCP,TCP,0
293,192.168.1.2,1,0,TCP,0,0,UDP,UDP,1
356,192.168.1.2,0,0,TCP,0,1,TCP,ICMP,0
838,192.168.1.3,1,0,TCP,0,1,TCP,ICMP,0
135,192.168.1.2,1,0,ICMP,0,1,TCP,TCP,0
4,192.168.1.3,1,1,ICMP,1,1,TCP,ICMP,1
227,192.168.1.2,1,1,TCP,0,0,TCP,TCP,0
890,192.168.1.2,1,1,UDP,1,1,UDP,TCP,1
681,192.168.1.3,0,0,TCP,0,1,ICMP,ICMP,1
445,192.168.1.2,1,0,ICMP,1,1,TCP,TCP,1
418,192.168.1.3,1,1,UDP,1,1,ICMP,UDP,0
285,192.168.1.2,0,1,ICMP,0,1,TCP,TCP,1
837,192.168.1.3,0,1,ICMP,1,1,ICMP,TCP,0
27,192.168.1.2,1,0,UDP,1,0,ICMP,UDP,0
737,192.168.1.2,0,1,TCP,1,0,TCP,TCP,1
249,192.168.1.3,0,1,TCP,1,1,UDP,TCP,0
366,192.168.1.3,1,1,ICMP,1,0,UDP,TCP,1
948,192.168.1.2,1,1,UDP,0,0,UDP,UDP,1
202,192.168.1.3,0,0,UDP,0,0,UDP,TCP,0
438,192.168.1.2,1,1,ICMP,1,0,ICMP,TCP,1
198,192.168.1.2,1,1,UDP,1,1,TCP,ICMP,1
930,192.168.1.2,0,1,ICMP,1,0,TCP,UDP,0
648,192.168.1.3,1,1,UDP,0,1,UDP,UDP,0
638,192.168.1.3,0,1,TCP,0,0,TCP,UDP,0
607,192.168.1.3,1,0,ICMP,0,1,TCP,TCP,1
73,192.168.1.2,0,0,UDP,1,1,TCP,UDP,0
247,192.168.1.2,0,0,UDP,1,0,ICMP,UDP,0
853,192.168.1.2,0,1,UDP,0,0,TCP,TCP,0
136,192.168.1.3,1,1,ICMP,0,1,TCP,ICMP,1
708,192.168.1.2,0,1,UDP,1,1,UDP,UDP,1
214,192.168.1.3,1,1,UDP,0,0,ICMP,UDP,0
476,192.168.1.3,1,0,UDP,0,1,ICMP,UDP,1
621,192.168.1.3,1,0,ICMP,0,1,TCP,UDP,0
324,192.168.1.3,1,1,ICMP,1,1,TCP,TCP,1
103,192.168.1.3,0,0,TCP,0,1,ICMP,UDP,1
853,192.168.1.2,1,1,ICMP,0,0,TCP,TCP,0
328,192.168.1.2,0,0,ICMP,1,1,TCP,TCP,0
596,192.168.1.2,1,1,ICMP,0,1,UDP,ICMP,0
224,192.168.1.2,0,1,TCP,1,0,ICMP,UDP,0
257,192.168.1.3,1,0,TCP,1,1,UDP,UDP,1
646,192.168.1.3,1,0,UDP,1,0,UDP,UDP,0
348,192.168.1.3,1,0,ICMP,1,0,UDP,ICMP,1
108,192.168.1.2,1,0,UDP,0,0,ICMP,UDP,0
927,192.168.1.2,1,1,UDP,0,0,TCP,TCP,1
970,192.168.1.3,1,0,UDP,0,0,UDP,UDP,1
980,192.168.1.2,1,1,ICMP,1,1,TCP,ICMP,1
520,192.168.1.2,1,0,ICMP,0,0,UDP,UDP,1
150,192.168.1.2,0,1,TCP,1,1,TCP,ICMP,1
998,192.168.1.3,1,1,TCP,0,0,UDP,UDP,0
477,192.168.1.2,1,0,UDP,1,0,TCP,ICMP,0
393,192.168.1.3,1,1,UDP,1,0,TCP,UDP,1
684,192.168.1.2,0,1,ICMP,1,0,UDP,UDP,1
559,192.168.1.3,0,0,TCP,0,1,TCP,ICMP,1
1,192.168.1.2,0,1,UDP,1,0,UDP,UDP,0
361,192.168.1.2,0,1,UDP,1,1,UDP,ICMP,0
692,192.168.1.3,1,1,TCP,0,0,ICMP,UDP,0
551,192.168.1.3,1,1,ICMP,1,0,UDP,TCP,1
90,192.168.1.3,1,1,UDP,1,1,TCP,ICMP,0
75,192.168.1.2,0,0,ICMP,0,1,TCP,ICMP,1
500,192.168.1.3,1,0,UDP,1,1,ICMP,UDP,0
739,192.168.1.2,1,1,ICMP,0,0,ICMP,TCP,0
636,192.168.1.3,0,0,UDP,1,0,UDP,ICMP,0
344,192.168.1.2,1,0,UDP,0,1,TCP,TCP,1
97,192.168.1.2,0,0,UDP,1,1,ICMP,ICMP,0
852,192.168.1.2,1,1,ICMP,0,1,TCP,UDP,1
283,192.168.1.3,1,1,TCP,1,0,ICMP,TCP,0
719,192.168.1.2,0,0,ICMP,1,0,TCP,TCP,0
33,192.168.1.3,0,1,ICMP,1,1,TCP,ICMP,0
116,192.168.1.2,1,0,ICMP,0,1,ICMP,TCP,0
455,192.168.1.2,0,0,UDP,1,1,TCP,UDP,1
866,192.168.1.2,1,0,UDP,0,1,UDP,TCP,1
429,192.168.1.2,1,0,ICMP,0,1,UDP,TCP,1
828,192.168.1.3,0,1,ICMP,0,0,TCP,UDP,0
826,192.168.1.2,1,0,UDP,1,1,UDP,TCP,0
691,192.168.1.2,0,0,TCP,1,1,TCP,TCP,1
174,192.168.1.3,1,0,UDP,1,0,UDP,UDP,1
746,192.168.1.2,0,0,UDP,0,0,ICMP,UDP,1
133,192.168.1.3,0,1,ICMP,1,1,TCP,TCP,0
442,192.168.1.3,1,1,ICMP,0,1,TCP,UDP,1
94,192.168.1.2,0,0,UDP,0,0,UDP,TCP,1
348,192.168.1.2,0,1,ICMP,1,1,ICMP,ICMP,0
402,192.168.1.3,0,1,UDP,0,1,TCP,ICMP,0
420,192.168.1.3,1,1,TCP,0,1,ICMP,TCP,1
707,192.168.1.3,1,1,ICMP,0,0,TCP,TCP,1
405,192.168.1.3,0,1,TCP,1,0,UDP,TCP,1
942,192.168.1.3,0,1,UDP,0,1,UDP,UDP,1
186,192.168.1.3,0,0,TCP,1,0,ICMP,TCP,0
976,192.168.1.3,0,1,ICMP,0,1,UDP,UDP,1
376,192.168.1.3,0,1,TCP,0,1,ICMP,UDP,1
677,192.168.1.2,1,0,ICMP,1,1,UDP,TCP,0
874,192.168.1.3,1,0,TCP,0,0,ICMP,ICMP,1
703,192.168.1.2,0,1,ICMP,0,1,UDP,TCP,0
517,192.168.1.2,1,0,UDP,1,0,ICMP,ICMP,0
498,192.168.1.3,0,1,TCP,1,0,UDP,UDP,1
499,192.168.1.3,0,1,TCP,0,1,ICMP,ICMP,0
206,192.168.1.2,0,0,TCP,0,0,TCP,TCP,1
415,192.168.1.2,1,1,ICMP,0,0,ICMP,ICMP,0
366,192.168.1.3,1,1,TCP,0,1,UDP,ICMP,1
856,192.168.1.3,1,0,TCP,0,0,UDP,TCP,0
739,192.168.1.3,0,0,ICMP,0,1,TCP,ICMP,1
420,192.168.1.3,0,1,ICMP,1,0,UDP,TCP,1
586,192.168.1.2,0,0,TCP,0,0,TCP,TCP,0
219,192.168.1.2,1,0,TCP,1,1,ICMP,ICMP,0
952,192.168.1.2,1,1,ICMP,1,1,UDP,ICMP,1
539,192.168.1.2,1,1,TCP,0,0,TCP,ICMP,1
375,192.168.1.2,1,1,TCP,1,0,TCP,ICMP,0
23,192.168.1.2,0,1,UDP,0,0,UDP,ICMP,0
461,192.168.1.2,1,1,UDP,1,0,TCP,TCP,1
720,192.168.1.3,0,0,TCP,0,0,TCP,ICMP,1
355,192.168.1.3,0,1,UDP,0,1,ICMP,TCP,1
603,192.168.1.3,1,0,UDP,1,1,ICMP,ICMP,1
52,192.168.1.3,1,1,ICMP,1,1,ICMP,ICMP,1
999,192.168.1.2,1,0,TCP,0,0,TCP,ICMP,0
815,192.168.1.2,1,0,TCP,1,1,UDP,ICMP,0
721,192.168.1.3,1,0,UDP,0,1,ICMP,UDP,1
574,192.168.1.2,0,0,UDP,0,1,UDP,UDP,1
445,192.168.1.2,0,1,TCP,1,1,ICMP,ICMP,0
816,192.168.1.2,1,1,ICMP,1,0,TCP,UDP,1
105,192.168.1.2,1,1,TCP,0,1,ICMP,UDP,1
641,192.168.1.3,0,0,ICMP,0,0,UDP,TCP,0
395,192.168.1.3,1,0,TCP,0,0,TCP,UDP,1
972,192.168.1.3,0,0,TCP,0,0,UDP,TCP,0
910,192.168.1.3,0,1,ICMP,0,0,TCP,ICMP,0
328,192.168.1.2,0,1,ICMP,0,0,UDP,ICMP,0
607,192.168.1.3,0,0,ICMP,0,0,ICMP,ICMP,0
519,192.168.1.2,1,0,ICMP,1,0,TCP,UDP,1
686,192.168.1.3,0,0,ICMP,0,1,UDP,ICMP,1
246,192.168.1.2,1,1,ICMP,0,1,TCP,TCP,1
415,192.168.1.3,1,1,ICMP,0,1,UDP,UDP,1
528,192.168.1.2,1,0,UDP,0,0,UDP,UDP,1
170,192.168.1.2,1,0,TCP,1,0,TCP,TCP,1
167,192.168.1.2,1,1,ICMP,0,0,ICMP,UDP,1
310,192.168.1.2,1,1,UDP,1,0,TCP,UDP,0
940,192.168.1.2,0,0,TCP,1,0,ICMP,TCP,1
595,192.168.1.2,0,1,TCP,1,0,UDP,ICMP,1
392,192.168.1.2,0,0,TCP,1,0,TCP,UDP,1
221,192.168.1.2,1,0,UDP,1,0,TCP,TCP,1
834,192.168.1.2,0,1,UDP,1,0,ICMP,UDP,0
682,192.168.1.3,1,0,TCP,1,0,ICMP,TCP,0
835,192.168.1.3,0,1,UDP,1,1,TCP,UDP,1
115,192.168.1.3,0,1,UDP,1,1,TCP,ICMP,0
861,192.168.1.3,1,1,ICMP,0,0,UDP,TCP,1
335,192.168.1.3,0,1,UDP,0,0,TCP,ICMP,1
742,192.168.1.2,1,1,TCP,1,1,TCP,TCP,1
220,192.168.1.3,1,0,TCP,1,0,TCP,UDP,0
247,192.168.1.3,1,0,UDP,1,1,UDP,UDP,1
101,192.168.1.2,0,0,UDP,0,1,ICMP,UDP,0
416,192.168.1.3,1,0,TCP,0,1,TCP,UDP,0
222,192.168.1.3,1,1,TCP,1,0,TCP,TCP,1
179,192.168.1.2,0,1,UDP,1,1,UDP,TCP,0
509,192.168.1.3,0,0,UDP,0,1,TCP,UDP,1
175,192.168.1.3,0,1,ICMP,1,1,ICMP,ICMP,0
606,192.168.1.2,1,0,TCP,0,0,UDP,UDP,0
627,192.168.1.2,0,1,UDP,0,1,UDP,ICMP,0
674,192.168.1.2,1,0,UDP,1,0,TCP,TCP,1
781,192.168.1.2,0,1,UDP,0,1,TCP,TCP,0
737,192.168.1.3,0,0,TCP,0,0,ICMP,UDP,1
746,192.168.1.3,1,0,ICMP,0,0,UDP,UDP,1
849,192.168.1.3,1,0,UDP,0,1,UDP,UDP,0
67,192.168.1.2,1,0,ICMP,1,1,UDP,TCP,1
457,192.168.1.3,0,1,TCP,0,0,UDP,UDP,1
126,192.168.1.2,1,0,ICMP,1,0,UDP,UDP,1
139,192.168.1.3,0,1,ICMP,0,1,ICMP,ICMP,1
625,192.168.1.2,0,1,ICMP,1,1,ICMP,TCP,0
731,192.168.1.3,1,0,TCP,0,0,ICMP,UDP,0
156,192.168.1.3,1,0,TCP,0,1,UDP,ICMP,0
697,192.168.1.2,1,1,UDP,0,1,ICMP,ICMP,0
121,192.168.1.2,1,0,UDP,1,0,UDP,UDP,0
322,192.168.1.2,0,1,UDP,1,1,ICMP,TCP,0
449,192.168.1.3,0,0,ICMP,0,1,TCP,ICMP,1
710,192.168.1.3,1,0,ICMP,1,0,TCP,TCP,1
857,192.168.1.2,1,1,ICMP,0,0,UDP,ICMP,1
291,192.168.1.2,0,1,TCP,0,1,ICMP,ICMP,1
976,192.168.1.2,0,1,UDP,0,1,TCP,TCP,1
4,192.168.1.2,0,0,TCP,0,0,UDP,ICMP,1
701,192.168.1.3,1,1,ICMP,1,1,TCP,UDP,1
239,192.168.1.2,1,0,UDP,0,0,TCP,UDP,0
678,192.168.1.2,0,1,TCP,1,1,UDP,ICMP,0
172,192.168.1.3,1,0,UDP,0,0,TCP,UDP,0
724,192.168.1.3,0,1,UDP,0,0,TCP,TCP,0
857,192.168.1.2,1,0,UDP,1,0,UDP,TCP,1
583,192.168.1.3,0,1,ICMP,1,0,UDP,UDP,0
661,192.168.1.2,1,0,ICMP,1,0,UDP,UDP,1
903,192.168.1.3,1,1,UDP,0,0,TCP,UDP,1
797,192.168.1.3,0,1,ICMP,0,0,ICMP,TCP,1
628,192.168.1.2,0,1,TCP,0,1,UDP,ICMP,1
903,192.168.1.3,0,0,TCP,1,1,ICMP,UDP,1
835,192.168.1.2,0,0,TCP,0,1,ICMP,UDP,0
605,192.168.1.2,1,1,ICMP,1,0,TCP,TCP,0
989,192.168.1.3,0,0,UDP,0,1,UDP,ICMP,1
615,192.168.1.3,1,0,TCP,1,1,TCP,TCP,1
870,192.168.1.2,0,0,TCP,0,0,UDP,UDP,0
380,192.168.1.3,0,1,ICMP,0,0,UDP,TCP,1
710,192.168.1.3,0,1,ICMP,1,0,ICMP,ICMP,1
110,192.168.1.3,1,1,ICMP,0,1,TCP,TCP,1
330,192.168.1.2,1,1,UDP,0,1,ICMP,TCP,1
101,192.168.1.3,1,0,UDP,1,1,TCP,ICMP,1
695,192.168.1.3,0,0,ICMP,0,1,ICMP,UDP,0
846,192.168.1.2,0,1,TCP,1,0,UDP,TCP,1
918,192.168.1.3,1,1,ICMP,1,0,UDP,TCP,0
508,192.168.1.2,1,1,TCP,0,1,UDP,ICMP,1
672,192.168.1.2,1,1,ICMP,0,0,TCP,UDP,0
594,192.168.1.2,0,1,UDP,1,1,UDP,ICMP,0
36,192.168.1.2,0,1,TCP,1,1,TCP,UDP,1
238,192.168.1.3,1,1,UDP,0,1,ICMP,UDP,1
244,192.168.1.2,0,1,TCP,0,1,ICMP,TCP,1
251,192.168.1.2,1,1,TCP,0,0,ICMP,UDP,1
393,192.168.1.2,1,0,ICMP,1,1,UDP,UDP,1
767,192.168.1.3,1,1,TCP,1,1,TCP,TCP,1
282,192.168.1.2,0,1,ICMP,1,1,UDP,TCP,0
22,192.168.1.2,0,0,UDP,0,1,UDP,UDP,1
430,192.168.1.2,1,0,ICMP,1,1,UDP,UDP,0
230,192.168.1.2,1,1,UDP,0,1,TCP,UDP,1
983,192.168.1.2,0,0,UDP,0,0,TCP,ICMP,1
401,192.168.1.2,1,0,ICMP,0,1,UDP,TCP,0
154,192.168.1.2,1,1,TCP,0,0,UDP,UDP,1
120,192.168.1.2,1,0,UDP,1,0,TCP,UDP,0
678,192.168.1.2,1,0,TCP,0,1,UDP,TCP,1
896,192.168.1.2,0,1,UDP,1,1,TCP,UDP,1
386,192.168.1.2,1,1,UDP,1,1,ICMP,UDP,0
390,192.168.1.2,1,1,UDP,0,0,ICMP,UDP,0
711,192.168.1.3,0,0,ICMP,1,1,UDP,UDP,0
397,192.168.1.3,1,0,ICMP,1,1,TCP,ICMP,1
347,192.168.1.2,0,0,UDP,0,1,TCP,UDP,1
587,192.168.1.3,1,0,ICMP,1,0,UDP,UDP,0
951,192.168.1.3,0,1,ICMP,0,1,UDP,TCP,0
79,192.168.1.3,1,1,UDP,0,0,TCP,ICMP,0
831,192.168.1.2,0,0,UDP,0,1,ICMP,TCP,1
585,192.168.1.3,1,0,ICMP,1,1,UDP,UDP,0
200,192.168.1.3,1,1,ICMP,0,1,TCP,TCP,0
814,192.168.1.2,0,0,UDP,1,0,ICMP,ICMP,1
134,192.168.1.3,0,0,ICMP,1,0,UDP,UDP,0
560,192.168.1.3,0,0,UDP,1,1,ICMP,UDP,0
700,192.168.1.3,1,0,TCP,1,1,ICMP,UDP,1
171,192.168.1.3,1,1,UDP,0,0,UDP,UDP,0
452,192.168.1.2,0,0,UDP,0,0,TCP,ICMP,1
139,192.168.1.3,0,0,UDP,1,0,TCP,UDP,0
755,192.168.1.2,1,1,TCP,1,1,TCP,TCP,1
314,192.168.1.3,0,1,UDP,0,0,ICMP,UDP,0
476,192.168.1.3,0,0,UDP,1,1,ICMP,TCP,1
346,192.168.1.3,0,0,UDP,0,1,ICMP,UDP,0
388,192.168.1.3,0,1,TCP,0,0,UDP,UDP,1
126,192.168.1.3,0,0,TCP,1,1,UDP,ICMP,0
719,192.168.1.2,0,1,ICMP,1,0,UDP,ICMP,1
851,192.168.1.2,0,0,TCP,0,0,ICMP,ICMP,0
198,192.168.1.2,0,0,UDP,0,0,UDP,TCP,1
699,192.168.1.3,1,1,UDP,1,0,UDP,TCP,1
901,192.168.1.2,0,0,ICMP,0,0,ICMP,TCP,0
18,192.168.1.3,0,1,ICMP,1,0,ICMP,UDP,0
710,192.168.1.2,1,0,UDP,0,0,ICMP,UDP,0
448,192.168.1.2,1,0,ICMP,0,1,TCP,UDP,1
351,192.168.1.2,1,1,TCP,1,1,UDP,UDP,0
665,192.168.1.3,1,1,UDP,0,1,UDP,ICMP,0
644,192.168.1.2,0,0,UDP,1,1,ICMP,UDP,1
326,192.168.1.3,0,1,TCP,0,1,ICMP,TCP,1
425,192.168.1.2,1,0,UDP,1,1,TCP,TCP,0
165,192.168.1.3,1,0,UDP,1,1,UDP,UDP,1
571,192.168.1.3,1,0,TCP,1,1,ICMP,ICMP,0
178,192.168.1.3,0,1,ICMP,1,1,TCP,ICMP,0
440,192.168.1.3,1,0,UDP,0,1,UDP,ICMP,1
665,192.168.1.3,1,1,TCP,0,1,ICMP,ICMP,1
674,192.168.1.3,0,0,TCP,0,1,UDP,UDP,1
915,192.168.1.3,0,1,ICMP,0,0,TCP,ICMP,0
866,192.168.1.3,1,1,ICMP,0,0,UDP,ICMP,0
463,192.168.1.3,0,1,UDP,0,0,TCP,UDP,1
754,192.168.1.3,1,0,TCP,0,1,ICMP,TCP,1
136,192.168.1.2,1,1,UDP,0,1,TCP,UDP,1
950,192.168.1.3,0,1,TCP,0,1,ICMP,TCP,1
748,192.168.1.2,1,0,TCP,0,1,TCP,UDP,1
47,192.168.1.2,1,1,UDP,0,0,UDP,ICMP,1
497,192.168.1.3,1,1,UDP,0,0,ICMP,ICMP,0
640,192.168.1.2,0,0,TCP,0,0,TCP,ICMP,1
930,192.168.1.3,0,1,TCP,0,0,UDP,TCP,1
338,192.168.1.3,0,1,UDP,0,1,UDP,TCP,1
158,192.168.1.2,1,0,ICMP,1,1,TCP,UDP,0
525,192.168.1.3,0,0,TCP,0,1,UDP,TCP,1
631,192.168.1.2,1,1,ICMP,0,0,ICMP,UDP,1
815,192.168.1.2,1,0,UDP,1,0,UDP,UDP,0
887,192.168.1.2,1,0,ICMP,0,1,UDP,TCP,1
289,192.168.1.2,1,0,ICMP,0,1,TCP,UDP,1
803,192.168.1.3,0,0,TCP,0,1,ICMP,ICMP,1
116,192.168.1.3,1,0,TCP,1,1,TCP,TCP,0
600,192.168.1.3,1,0,ICMP,0,0,ICMP,ICMP,1
637,192.168.1.2,1,1,TCP,0,1,ICMP,UDP,1
410,192.168.1.3,1,0,ICMP,0,0,UDP,TCP,1
175,192.168.1.2,0,0,ICMP,1,0,UDP,ICMP,0
499,192.168.1.2,1,1,UDP,1,1,UDP,UDP,0
876,192.168.1.2,1,0,ICMP,0,1,UDP,TCP,1
565,192.168.1.2,1,1,UDP,0,0,TCP,TCP,1
623,192.168.1.2,1,1,TCP,0,1,TCP,ICMP,1
577,192.168.1.2,1,1,ICMP,1,1,ICMP,ICMP,1
333,192.168.1.3,0,1,UDP,0,0,UDP,UDP,0
887,192.168.1.3,0,1,UDP,1,0,ICMP,UDP,1
586,192.168.1.3,0,0,UDP,1,1,TCP,TCP,0
147,192.168.1.2,1,1,ICMP,0,1,UDP,TCP,1
773,192.168.1.2,0,1,TCP,0,0,UDP,UDP,1
776,192.168.1.3,1,0,ICMP,1,1,UDP,ICMP,1
644,192.168.1.3,1,0,TCP,0,0,TCP,ICMP,1
49,192.168.1.3,1,1,UDP,0,1,ICMP,TCP,0
77,192.168.1.2,0,0,ICMP,0,1,UDP,TCP,1
294,192.168.1.3,1,0,UDP,0,1,UDP,ICMP,0
117,192.168.1.3,1,1,TCP,0,1,ICMP,UDP,1
494,192.168.1.2,0,1,UDP,1,0,ICMP,TCP,1
561,192.168.1.2,1,0,UDP,1,0,ICMP,TCP,0
110,192.168.1.3,1,0,TCP,1,0,UDP,TCP,0
979,192.168.1.3,1,0,TCP,1,1,UDP,TCP,1
180,192.168.1.2,1,1,UDP,0,0,UDP,TCP,1
562,192.168.1.2,0,1,TCP,1,0,ICMP,TCP,0
72,192.168.1.2,0,0,ICMP,0,0,UDP,ICMP,0
859,192.168.1.2,1,0,ICMP,0,1,TCP,ICMP,0
434,192.168.1.3,1,0,TCP,1,1,UDP,UDP,0
286,192.168.1.3,0,1,ICMP,1,0,ICMP,ICMP,1
516,192.168.1.3,0,1,UDP,1,1,TCP,ICMP,0
75,192.168.1.3,1,1,TCP,1,1,ICMP,UDP,0
597,192.168.1.3,0,1,ICMP,1,0,UDP,TCP,1
491,192.168.1.2,0,0,TCP,0,0,TCP,ICMP,1
322,192.168.1.2,1,0,ICMP,1,0,UDP,ICMP,1
888,192.168.1.3,0,1,TCP,0,1,ICMP,UDP,0
533,192.168.1.2,0,1,UDP,0,1,UDP,UDP,1
209,192.168.1.3,0,0,UDP,0,1,UDP,ICMP,0
43,192.168.1.3,0,0,TCP,1,1,ICMP,TCP,1
499,192.168.1.3,0,0,ICMP,0,0,ICMP,TCP,0
29,192.168.1.3,0,1,ICMP,0,0,UDP,UDP,0
411,192.168.1.2,1,0,TCP,1,0,ICMP,UDP,1
856,192.168.1.3,1,0,ICMP,0,0,UDP,TCP,0
181,192.168.1.3,1,0,ICMP,1,0,UDP,ICMP,0
305,192.168.1.3,0,0,TCP,0,0,TCP,ICMP,1
963,192.168.1.2,0,0,ICMP,1,0,UDP,UDP,1
615,192.168.1.3,1,1,UDP,1,0,UDP,ICMP,1
778,192.168.1.2,0,1,ICMP,1,1,ICMP,TCP,0
259,192.168.1.2,1,1,TCP,0,0,TCP,ICMP,1
373,192.168.1.3,0,1,TCP,0,0,TCP,UDP,0
877,192.168.1.2,1,1,TCP,1,1,TCP,UDP,1
746,192.168.1.2,1,0,UDP,1,1,UDP,UDP,1
858,192.168.1.3,1,0,ICMP,0,0,TCP,ICMP,0
381,192.168.1.3,1,0,TCP,1,0,TCP,TCP,0
886,192.168.1.2,1,0,TCP,1,1,ICMP,ICMP,0
613,192.168.1.3,1,1,TCP,0,1,ICMP,ICMP,1
91,192.168.1.2,0,1,ICMP,0,0,UDP,UDP,1
69,192.168.1.3,0,1,ICMP,0,1,UDP,ICMP,1
618,192.168.1.3,0,1,ICMP,0,1,UDP,ICMP,0
523,192.168.1.3,1,1,ICMP,0,0,ICMP,UDP,1
13,192.168.1.2,0,0,ICMP,1,0,TCP,UDP,1
617,192.168.1.2,1,0,ICMP,1,0,TCP,TCP,0
226,192.168.1.2,0,0,TCP,1,1,TCP,ICMP,1
422,192.168.1.3,1,1,UDP,1,0,ICMP,TCP,0
168,192.168.1.2,1,0,TCP,1,1,ICMP,UDP,1
929,192.168.1.3,0,0,UDP,1,0,ICMP,ICMP,1
379,192.168.1.3,1,1,TCP,1,0,ICMP,TCP,0
290,192.168.1.2,1,1,TCP,1,0,TCP,ICMP,1
923,192.168.1.3,1,0,UDP,1,1,TCP,ICMP,1
100,192.168.1.2,0,1,TCP,0,0,ICMP,UDP,0
218,192.168.1.3,1,0,UDP,1,1,ICMP,ICMP,1
307,192.168.1.2,0,1,UDP,1,1,TCP,TCP,0
345,192.168.1.3,1,1,UDP,0,1,UDP,UDP,0
211,192.168.1.3,1,1,TCP,1,1,UDP,ICMP,1
789,192.168.1.2,1,0,ICMP,1,1,ICMP,TCP,1
735,192.168.1.2,1,1,TCP,0,0,ICMP,ICMP,0
669,192.168.1.3,1,0,TCP,0,1,UDP,ICMP,1
585,192.168.1.2,1,0,UDP,0,1,ICMP,TCP,1
275,192.168.1.3,0,1,UDP,0,1,UDP,TCP,0
410,192.168.1.3,0,0,ICMP,0,1,TCP,UDP,1
921,192.168.1.3,1,0,UDP,0,0,TCP,UDP,1
552,192.168.1.3,1,1,ICMP,1,1,ICMP,ICMP,0
235,192.168.1.3,1,1,TCP,1,0,UDP,UDP,0
636,192.168.1.2,1,1,UDP,1,1,ICMP,ICMP,0
285,192.168.1.2,0,1,TCP,1,0,ICMP,UDP,0
665,192.168.1.2,0,1,ICMP,1,1,TCP,ICMP,0
659,192.168.1.3,0,0,ICMP,1,1,UDP,UDP,1
708,192.168.1.2,1,1,ICMP,0,0,UDP,UDP,0
173,192.168.1.2,0,0,TCP,1,0,ICMP,ICMP,0
724,192.168.1.2,0,0,ICMP,0,0,TCP,TCP,1
302,192.168.1.3,1,0,ICMP,0,0,UDP,UDP,0
823,192.168.1.2,0,0,TCP,1,1,UDP,ICMP,1
1,192.168.1.2,0,0,TCP,0,0,ICMP,ICMP,1
139,192.168.1.2,0,1,ICMP,0,1,TCP,ICMP,0
708,192.168.1.3,1,0,UDP,0,0,UDP,TCP,1
903,192.168.1.2,0,0,ICMP,1,1,TCP,TCP,1
732,192.168.1.3,1,1,UDP,1,0,ICMP,UDP,0
868,192.168.1.3,1,0,TCP,0,0,ICMP,ICMP,0
442,192.168.1.2,0,1,TCP,1,0,UDP,TCP,0
967,192.168.1.3,0,1,TCP,1,0,TCP,TCP,1
916,192.168.1.2,0,1,TCP,0,1,UDP,TCP,0
163,192.168.1.3,0,1,TCP,1,0,UDP,TCP,1
51,192.168.1.2,0,0,TCP,0,1,TCP,ICMP,0
243,192.168.1.2,0,0,TCP,1,0,ICMP,UDP,0
871,192.168.1.3,1,0,UDP,1,0,TCP,TCP,0
21,192.168.1.2,1,1,ICMP,0,1,TCP,UDP,0
684,192.168.1.3,1,0,ICMP,0,0,UDP,TCP,1
